rating_type,rating,ttc_pd
1,QDB 1+,0.00013
1,QDB 1,0.0005449770579696394
1,QDB 1-,0.0033166247903554
1,QDB 2+,0.01264911064067352
1,QDB 2,0.02039607805437114
1,QDB 2-,0.03224903099319741
1,QDB 3+,0.05079445074933853
1,QDB 3,0.06380191301847751
1,QDB 3-,0.08014034246575344
1,QDB 4+,0.1264405092594187
1,QDB 4,0.1469729691876752
1,QDB 4-,0.1708397734061372
1,QDB 5+,0.1994899527810644
1,QDB 5,0.2145885885593115
1,QDB 5-,0.2318850232049587
1,QDB 6+,0.2505754726595257
1,QDB 6,0.2912661666234175
1,QDB 6-,0.3385645528581175
1,QDB 7,0.3953425143875812
1,QDB 8,0.6237468734657869
1,QDB 9,0.7834763020022036
2,Aaa,0.0
2,Aa1,0.0
2,Aa2,0.0
2,Aa3,0.0005101498565203529
2,A1,0.0005647490063614179
2,A2,0.0006876414954615661
2,A3,0.0007948114707191454
2,Baa1,0.001527592132900516
2,Baa2,0.001615938254148815
2,Baa3,0.002585470085470085
2,Ba1,0.006586423362496
2,Ba2,0.00735032470420781
2,Ba3,0.01733922874573236
2,B1,0.0243801064031921
2,B2,0.0354577945139069
2,B3,0.05927331533426649
2,Caa1,0.07336407204669862
2,Caa2,0.1791393076940675
2,Caa3,0.3103989505001523
2,Ca,0.4499170812603648
2,C,0.4499170812603648
